item_id,status,summary,error,note,output_file
artifacts:gen_blind_spot_silence_emilia_audit_proposal,approved,reads as trade_off: I have reviewed the infrastructure spend for the last two quarters and the numbers are sim,,,out/artifacts/artifacts__gen_blind_spot_silence_emilia_audit_proposal.json
artifacts:gen_blind_spot_silence_emilia_cost_concession,approved,reads as trade_off: I have reviewed the Q3 budget allocation and the proposed monitoring stack. The cost for t,,,out/artifacts/artifacts__gen_blind_spot_silence_emilia_cost_concession.json
artifacts:gen_blind_spot_silence_fact_alerting_state,approved,reads as fact: I open the Grafana dashboard for the production inference cluster at 09:00 each morning. I,,"A blind reader keeps reading this as a boundary because it describes a limit: what does not happen and what that forces. Describe only what does happen: who looks at the metrics, when, and what they see. Do not mention what is missing or what it forces.",out/artifacts/artifacts__gen_blind_spot_silence_fact_alerting_state.json
artifacts:gen_blind_spot_silence_fact_drift_monitoring_state,approved,reads as fact: I am checking the logs for the weekly model performance audit. The pipeline runs the stand,,"Off topic: describes a bot deployment health check instead of the missing production drift monitoring. Also ends with a summary closer (no further observations). Describe only observed events about drift monitoring being absent, end on a concrete observation.",out/artifacts/artifacts__gen_blind_spot_silence_fact_drift_monitoring_state.json
artifacts:gen_blind_spot_silence_fact_observe_perf_edge,approved,"reads as fact: {reliability_ruth} described the daily sequence for handling model logs. At 09:00, she ope",,,out/artifacts/artifacts__gen_blind_spot_silence_fact_observe_perf_edge.json
artifacts:gen_blind_spot_silence_fact_perf_monitoring_state,approved,reads as fact: {reliability_ruth} mentioned that the model performance monitoring is currently broken. Sh,,,out/artifacts/artifacts__gen_blind_spot_silence_fact_perf_monitoring_state.json
artifacts:gen_blind_spot_silence_monica_drift_observation,approved,reads as boundary: I am flagging a hard constraint for the upcoming sprint. The current setup lacks any form ,,,out/artifacts/artifacts__gen_blind_spot_silence_monica_drift_observation.json
artifacts:gen_blind_spot_silence_reuben_compliance_check,approved,reads as boundary: I am reviewing the observability pipeline for the upcoming release. The current log stream,,,out/artifacts/artifacts__gen_blind_spot_silence_reuben_compliance_check.json
artifacts:gen_blind_spot_silence_ruth_governance_demand,approved,"reads as driver: I need the performance monitoring to be governed. Right now, I am flying blind on real-wor",,,out/artifacts/artifacts__gen_blind_spot_silence_ruth_governance_demand.json
artifacts:gen_blind_spot_silence_ruth_rollback_concession,approved,reads as trade_off: I am willing to accept that the rollback mechanism stays manual for the next quarter. My t,,,out/artifacts/artifacts__gen_blind_spot_silence_ruth_rollback_concession.json
artifacts:gen_data_quality_conflict_automate_for_consistency,approved,"reads as driver: Hey team, I've been looking at our current quality checks and I think we can do better. {r",,,out/artifacts/artifacts__gen_data_quality_conflict_automate_for_consistency.json
artifacts:gen_data_quality_conflict_consistent_automation,approved,"reads as boundary: Manual quality checks are not an option for me, {reliability_ruth}. I understand that cost",,,out/artifacts/artifacts__gen_data_quality_conflict_consistent_automation.json
artifacts:gen_data_quality_conflict_cost_conscious_automation,approved,"reads as trade_off: Hi team, I've been thinking about the automation discussions. I know {reliability_ruth} wa",,,out/artifacts/artifacts__gen_data_quality_conflict_cost_conscious_automation.json
artifacts:gen_data_quality_conflict_cost_efficiency_balance,approved,reads as trade_off: I think we need to balance the cost of automation with the efficiency gains. {efficiency_e,,,out/artifacts/artifacts__gen_data_quality_conflict_cost_efficiency_balance.json
artifacts:gen_data_quality_conflict_data_quality_automation,approved,reads as fact: I am checking the raw ingestion logs for the last four days. I opened each batch file and ,,,out/artifacts/artifacts__gen_data_quality_conflict_data_quality_automation.json
artifacts:gen_data_quality_conflict_gov_compliance,approved,"reads as driver: Hey team, I've been reviewing our data quality checks and I think we need to step it up. T",,,out/artifacts/artifacts__gen_data_quality_conflict_gov_compliance.json
artifacts:gen_data_quality_conflict_manual_checks_cost_control,approved,reads as boundary: {data_dave} emphasized during the meeting that manual quality checks are essential for cos,,,out/artifacts/artifacts__gen_data_quality_conflict_manual_checks_cost_control.json
artifacts:gen_data_quality_conflict_manual_ingestion,approved,reads as fact: I am copying the raw files from the staging bucket to my local machine again this morning.,,,out/artifacts/artifacts__gen_data_quality_conflict_manual_ingestion.json
artifacts:gen_data_quality_conflict_manual_labeling,approved,reads as fact: {data_dave} brought up the labeling workflow during our sync. He noted that the team curre,,,out/artifacts/artifacts__gen_data_quality_conflict_manual_labeling.json
artifacts:gen_data_quality_conflict_manual_validation,approved,reads as fact: Just finished walking through the nightly ingestion logs with the team. We are currently r,,,out/artifacts/artifacts__gen_data_quality_conflict_manual_validation.json
artifacts:gen_data_quality_conflict_missing_drift_check,approved,reads as fact: I was tracing the batch ingestion logs for the last three weeks and noticed the pipeline j,,,out/artifacts/artifacts__gen_data_quality_conflict_missing_drift_check.json
artifacts:gen_data_quality_conflict_missing_feature_store,approved,reads as fact: I was checking the logs for the latest churn model training run. The feature extraction st,,,out/artifacts/artifacts__gen_data_quality_conflict_missing_feature_store.json
artifacts:gen_drift_blind_spot_drift_alert_no_trigger,approved,reads as fact: I checked the configuration for the drift to alerting workflow this morning. The trigger f,,,out/artifacts/artifacts__gen_drift_blind_spot_drift_alert_no_trigger.json
artifacts:gen_drift_blind_spot_drift_monitoring_broken,approved,reads as fact: I checked the production logs this morning and the drift detection job has not executed in,,,out/artifacts/artifacts__gen_drift_blind_spot_drift_monitoring_broken.json
artifacts:gen_drift_blind_spot_emilia_governance_redline,approved,reads as boundary: I need to be clear about the non-negotiables for our upcoming model operations roadmap. I ,,,out/artifacts/artifacts__gen_drift_blind_spot_emilia_governance_redline.json
artifacts:gen_drift_blind_spot_emilia_kpi_driver,approved,reads as driver: The current gap in our drift monitoring is a direct threat to our core business KPIs. I ne,,,out/artifacts/artifacts__gen_drift_blind_spot_emilia_kpi_driver.json
artifacts:gen_drift_blind_spot_monica_model_impact,approved,reads as driver: I have been iterating on the regression model for the last two weeks and the performance m,,,out/artifacts/artifacts__gen_drift_blind_spot_monica_model_impact.json
artifacts:gen_drift_blind_spot_observability_manual_trigger,approved,reads as fact: I was walking through the production logs this morning and noticed the serving to observab,,"Never write component or components. Name what is connected, for example the serving logs and the monitoring dashboards. Describe who starts the hand over and when, not what the system refuses to do on its own.",out/artifacts/artifacts__gen_drift_blind_spot_observability_manual_trigger.json
artifacts:gen_drift_blind_spot_retraining_trigger_missing,approved,reads as fact: I just finished the weekly performance audit for the fraud detection service. The model ac,,,out/artifacts/artifacts__gen_drift_blind_spot_retraining_trigger_missing.json
artifacts:gen_drift_blind_spot_reuben_compliance_boundary,approved,reads as boundary: I am documenting the non-negotiable security posture for the new drift detection workflow.,,,out/artifacts/artifacts__gen_drift_blind_spot_reuben_compliance_boundary.json
artifacts:gen_drift_blind_spot_ruth_cost_tradeoff,approved,reads as trade_off: I am happy to concede that the current manual weekly reviews are cheaper to operate than a,,,out/artifacts/artifacts__gen_drift_blind_spot_ruth_cost_tradeoff.json
artifacts:gen_drift_blind_spot_ruth_manual_review_stance,approved,reads as boundary: I need to be clear about the operational constraints for our deployment pipeline. The manu,,,out/artifacts/artifacts__gen_drift_blind_spot_ruth_manual_review_stance.json
artifacts:gen_experiment_tracking_dispute_dave_cost,approved,reads as driver: {data_dave} emphasized the need to reduce costs in the experiment tracking process. He poi,,,out/artifacts/artifacts__gen_experiment_tracking_dispute_dave_cost.json
artifacts:gen_experiment_tracking_dispute_dave_manual,approved,"reads as trade_off: I understand that {data_dave} wants to ensure reproducibility, but I think we can achieve ",,,out/artifacts/artifacts__gen_experiment_tracking_dispute_dave_manual.json
artifacts:gen_experiment_tracking_dispute_emilia_cost,approved,"reads as trade_off: While automated experiment tracking is ideal for reproducibility, {efficiency_emilia} ackn",,,out/artifacts/artifacts__gen_experiment_tracking_dispute_emilia_cost.json
artifacts:gen_experiment_tracking_dispute_emilia_goal,approved,reads as driver: I think we need to align our experiment tracking with business goals. The more we can tie ,,,out/artifacts/artifacts__gen_experiment_tracking_dispute_emilia_goal.json
artifacts:gen_experiment_tracking_dispute_monica_automated,approved,reads as driver: {model_monica} emphasized the importance of automated experiment tracking during the last ,,,out/artifacts/artifacts__gen_experiment_tracking_dispute_monica_automated.json
artifacts:gen_experiment_tracking_dispute_monica_boundary,approved,"reads as boundary: I have been reviewing the current state of our experiment tracking, and I must emphasize t",,,out/artifacts/artifacts__gen_experiment_tracking_dispute_monica_boundary.json
artifacts:gen_experiment_tracking_dispute_registry_state,approved,"reads as fact: During our sync, {model_monica} explained the current workflow for tracking model iteratio",,,out/artifacts/artifacts__gen_experiment_tracking_dispute_registry_state.json
artifacts:gen_experiment_tracking_dispute_reuben_audit,approved,"reads as boundary: The recent audit flagged significant gaps in model reproducibility, which {requirements_re",,,out/artifacts/artifacts__gen_experiment_tracking_dispute_reuben_audit.json
artifacts:gen_experiment_tracking_dispute_reuben_comp,approved,reads as driver: {requirements_reuben} emphasized the need for experiment tracking to align with compliance,,,out/artifacts/artifacts__gen_experiment_tracking_dispute_reuben_comp.json
artifacts:gen_experiment_tracking_dispute_tracking_state,approved,reads as fact: I am reviewing the recent churn prediction iterations. We have completed three distinct tr,,,out/artifacts/artifacts__gen_experiment_tracking_dispute_tracking_state.json
artifacts:gen_experiment_tracking_dispute_train_state,approved,reads as fact: The training pipeline currently operates as a manual sequence. I copy configuration files ,,,out/artifacts/artifacts__gen_experiment_tracking_dispute_train_state.json
artifacts:gen_gateway_security_gap_alex_concession_gateway,approved,reads as trade_off: The current manual gateway configuration keeps our deployment pipeline running without hic,,,out/artifacts/artifacts__gen_gateway_security_gap_alex_concession_gateway.json
artifacts:gen_gateway_security_gap_alex_gateway_stability,approved,reads as boundary: I am not touching the gateway automation until the pipeline is rock solid. My primary duty,,,out/artifacts/artifacts__gen_gateway_security_gap_alex_gateway_stability.json
artifacts:gen_gateway_security_gap_cicd_pipeline_state,approved,reads as fact: I am checking the build logs for the latest deployment cycle. The pipeline infrastructure ,,,out/artifacts/artifacts__gen_gateway_security_gap_cicd_pipeline_state.json
artifacts:gen_gateway_security_gap_emilia_cost_focus,approved,reads as trade_off: I have been reviewing the infrastructure spend for the upcoming quarter. The proposed upgr,,,out/artifacts/artifacts__gen_gateway_security_gap_emilia_cost_focus.json
artifacts:gen_gateway_security_gap_gateway_current_state,approved,"reads as fact: During the weekly pipeline sync, {automation_alex} mentioned that the API gateway is curre",,,out/artifacts/artifacts__gen_gateway_security_gap_gateway_current_state.json
artifacts:gen_gateway_security_gap_iam_gateway_governance,done,reads as fact: The identity and access management system governs the API gateway through a manual request,,"Contains a judgment (the manual step is the bottleneck in our current workflow) - facts must state only what was observed, no evaluative labels like bottleneck. Also drop the need to phrasing and the closing summarizing line (the gateway configuration remains locked until the human action completes). End on a concrete observation instead.",out/artifacts/artifacts__gen_gateway_security_gap_iam_gateway_governance.json
artifacts:gen_gateway_security_gap_reuben_canary_governance,approved,reads as boundary: We are not negotiating on this. Every model release must pass through governed canary test,,,out/artifacts/artifacts__gen_gateway_security_gap_reuben_canary_governance.json
artifacts:gen_gateway_security_gap_reuben_compliance_gap,approved,reads as driver: The audit findings are unacceptable. I need the API gateway to reach a fully governed stat,,,out/artifacts/artifacts__gen_gateway_security_gap_reuben_compliance_gap.json
artifacts:gen_gateway_security_gap_ruth_serving_monitoring,approved,"reads as driver: I have been tracking the serving endpoint closely lately, and the lack of automated feedba",,,out/artifacts/artifacts__gen_gateway_security_gap_ruth_serving_monitoring.json
artifacts:gen_gateway_security_gap_serving_gateway_edge_state,approved,reads as fact: I was tracing the traffic flow for the new build and noticed the model serving endpoint ha,,,out/artifacts/artifacts__gen_gateway_security_gap_serving_gateway_edge_state.json
artifacts:gen_inconsistent_data_labeling_current_ingestion_state,approved,reads as fact: {data_dave} joined the sync to discuss the raw data stream. He pointed out that the team i,,"Drop the closing line ""He described the current state as purely manual and dependent on individual vigilance"". End on something he observed, never on a summary of the state.",out/artifacts/artifacts__gen_inconsistent_data_labeling_current_ingestion_state.json
artifacts:gen_inconsistent_data_labeling_current_labeling_state,approved,reads as fact: I am looking at the raw ingestion logs from the last three weeks. The annotation queue is ,,"Drop the closing line ""This is the standard flow I observe"". End on an observation, never on a sentence that sums up or names the flow as standard.",out/artifacts/artifacts__gen_inconsistent_data_labeling_current_labeling_state.json
artifacts:gen_inconsistent_data_labeling_current_validation_state,approved,reads as fact: I just finished the nightly ingest batch for the raw image corpus. The pipeline moved the ,,,out/artifacts/artifacts__gen_inconsistent_data_labeling_current_validation_state.json
artifacts:gen_inconsistent_data_labeling_data_dave_boundary,approved,"reads as boundary: Hi all, I’ve been thinking about the data labeling process. I understand the push for auto",,,out/artifacts/artifacts__gen_inconsistent_data_labeling_data_dave_boundary.json
artifacts:gen_inconsistent_data_labeling_data_dave_manual_labeling,approved,"reads as driver: Hey team, I wanted to share my thoughts on the data labeling process. I think keeping it m",,,out/artifacts/artifacts__gen_inconsistent_data_labeling_data_dave_manual_labeling.json
artifacts:gen_inconsistent_data_labeling_dave_trade_off,approved,"reads as trade_off: I understand that {data_dave} wants to keep data labeling manual for flexibility, but I'm ",,,out/artifacts/artifacts__gen_inconsistent_data_labeling_dave_trade_off.json
artifacts:gen_inconsistent_data_labeling_emilia_efficiency_driver,approved,"reads as driver: During the meeting, {efficiency_emilia} emphasized the need for automated data validation ",,,out/artifacts/artifacts__gen_inconsistent_data_labeling_emilia_efficiency_driver.json
artifacts:gen_inconsistent_data_labeling_reuben_requirements_boundary,approved,reads as boundary: During the discussion {requirements_reuben} emphasized that data governance is non-negotia,,,out/artifacts/artifacts__gen_inconsistent_data_labeling_reuben_requirements_boundary.json
artifacts:gen_inconsistent_data_labeling_ruth_boundary,approved,reads as boundary: {reliability_ruth} emphasized that the data labeling process must be fully governed to mai,,,out/artifacts/artifacts__gen_inconsistent_data_labeling_ruth_boundary.json
artifacts:gen_inconsistent_data_labeling_ruth_governed_labeling,approved,reads as driver: I’ve been reviewing our current data labeling process and I’m increasingly concerned about,,,out/artifacts/artifacts__gen_inconsistent_data_labeling_ruth_governed_labeling.json
artifacts:gen_inconsistent_data_labeling_ruth_trade_off,approved,reads as trade_off: {reliability_ruth} proposed a semi-manual approach for data labeling. She would accept a s,,,out/artifacts/artifacts__gen_inconsistent_data_labeling_ruth_trade_off.json
artifacts:gen_missing_kpi_baseline_acceptance_manual_fact,approved,reads as fact: I am checking the validation logs for the new model release. The acceptance criteria are c,,,out/artifacts/artifacts__gen_missing_kpi_baseline_acceptance_manual_fact.json
artifacts:gen_missing_kpi_baseline_alex_pipeline_driver,approved,reads as driver: I have been reviewing the recent pipeline failures and the root cause is always the same. ,,,out/artifacts/artifacts__gen_missing_kpi_baseline_alex_pipeline_driver.json
artifacts:gen_missing_kpi_baseline_contracts_manual_fact,done,reads as fact: {requirements_reuben} noted that the data contracts are currently managed through manual e,,"Do not use the word stage anywhere (ends with before it moves to the next stage). Rephrase without stage, e.g. before it moves onward or before it is used downstream.",out/artifacts/artifacts__gen_missing_kpi_baseline_contracts_manual_fact.json
artifacts:gen_missing_kpi_baseline_emilia_kpi_automation,approved,reads as driver: The current ambiguity around our KPI definitions is creating unnecessary friction in the r,,,out/artifacts/artifacts__gen_missing_kpi_baseline_emilia_kpi_automation.json
artifacts:gen_missing_kpi_baseline_emilia_trade_off,approved,reads as trade_off: I am willing to drop my request for fully automated and governed KPI definitions. I can ac,,,out/artifacts/artifacts__gen_missing_kpi_baseline_emilia_trade_off.json
artifacts:gen_missing_kpi_baseline_kpi_lost_fact,approved,reads as fact: I am looking at the validation logs from last week and noticed we are running the model ac,,,out/artifacts/artifacts__gen_missing_kpi_baseline_kpi_lost_fact.json
artifacts:gen_missing_kpi_baseline_reuben_kpi_manual,approved,reads as boundary: I am writing to clarify my position on the KPI definition workflow. We cannot move this pr,,,out/artifacts/artifacts__gen_missing_kpi_baseline_reuben_kpi_manual.json
artifacts:gen_missing_kpi_baseline_reuben_risk_boundary,approved,reads as boundary: I need to be explicit about the risk assessment workflow. I will not sign off on any accep,,,out/artifacts/artifacts__gen_missing_kpi_baseline_reuben_risk_boundary.json
artifacts:gen_missing_kpi_baseline_risk_acceptance_edge_fact,approved,reads as fact: {requirements_reuben} walked the team through the current workflow for linking risk assess,,,out/artifacts/artifacts__gen_missing_kpi_baseline_risk_acceptance_edge_fact.json
artifacts:gen_missing_kpi_baseline_risk_manual_fact,approved,reads as fact: I opened the model registry last Tuesday and pulled the latest inference logs for the frau,,"Opens with report framing (I am walking through the current validation workflow to document the actual execution steps). Start directly with the observed action, no framing about documenting or workflows.",out/artifacts/artifacts__gen_missing_kpi_baseline_risk_manual_fact.json
artifacts:gen_missing_kpi_baseline_ruth_monitoring_driver,approved,reads as driver: I have been tracking the drift between our staging validation and live user experience. Th,,,out/artifacts/artifacts__gen_missing_kpi_baseline_ruth_monitoring_driver.json
artifacts:gen_registry_red_tape_dave_governance,approved,"reads as driver: Hi everyone, just wanted to chime in on the model registry discussion. As someone who's wo",,,out/artifacts/artifacts__gen_registry_red_tape_dave_governance.json
artifacts:gen_registry_red_tape_dave_registry,approved,"reads as trade_off: I've been thinking about the model registry situation. If we can't use our custom tool, we",,,out/artifacts/artifacts__gen_registry_red_tape_dave_registry.json
artifacts:gen_registry_red_tape_emilia_governance,approved,reads as boundary: {efficiency_emilia} made it clear during the last sprint meeting that she will not proceed,,,out/artifacts/artifacts__gen_registry_red_tape_emilia_governance.json
artifacts:gen_registry_red_tape_emilia_registry,approved,"reads as driver: Hi team, I want to bring up automating the model registry. It will streamline the process ",,,out/artifacts/artifacts__gen_registry_red_tape_emilia_registry.json
artifacts:gen_registry_red_tape_monica_governance,approved,"reads as boundary: I need the model registry to be fully automated. It’s a critical part of my workflow, and ",,,out/artifacts/artifacts__gen_registry_red_tape_monica_governance.json
artifacts:gen_registry_red_tape_monica_registry,approved,reads as driver: The current manual process for model registry updates is severely impacting our workflow. ,,,out/artifacts/artifacts__gen_registry_red_tape_monica_registry.json
artifacts:gen_registry_red_tape_registry_manual,approved,reads as fact: I checked the deployment pipeline again this morning. The registry endpoint returned a con,,,out/artifacts/artifacts__gen_registry_red_tape_registry_manual.json
artifacts:gen_registry_red_tape_registry_missing,approved,reads as fact: I am checking the current deployment pipeline to see how the latest churn model gets promo,,,out/artifacts/artifacts__gen_registry_red_tape_registry_missing.json
artifacts:gen_registry_red_tape_registry_spreadsheet,approved,reads as fact: I keep a single spreadsheet open on my desktop during every training run. When a new model,,"""The process is straightforward"" is a judgement. The narrator judges nothing, positive or negative. Say only what she does and how long it takes.",out/artifacts/artifacts__gen_registry_red_tape_registry_spreadsheet.json
artifacts:gen_registry_red_tape_registry_tool,approved,reads as fact: {model_monica} mentioned the current workflow during our sync. When a new model version is,,,out/artifacts/artifacts__gen_registry_red_tape_registry_tool.json
artifacts:gen_registry_red_tape_reuben_automation,approved,reads as trade_off: The model registry automation is a critical path item. {requirements_reuben} proposed auto,,,out/artifacts/artifacts__gen_registry_red_tape_reuben_automation.json
artifacts:gen_registry_red_tape_reuben_registry,approved,reads as boundary: The model registry cannot proceed to automation without first establishing governance cont,,,out/artifacts/artifacts__gen_registry_red_tape_reuben_registry.json
artifacts:gen_shadow_environment_dispute_alex_cicd,approved,reads as driver: I am pushing to get the CI/CD pipeline fully automated so that every integration and deplo,,,out/artifacts/artifacts__gen_shadow_environment_dispute_alex_cicd.json
artifacts:gen_shadow_environment_dispute_alex_shadow_removed,approved,reads as boundary: I need to be absolutely clear about the shadow deployment environment. I will not maintain,,,out/artifacts/artifacts__gen_shadow_environment_dispute_alex_shadow_removed.json
artifacts:gen_shadow_environment_dispute_canary_missing,approved,reads as fact: I just finished the standard deployment cycle for the latest model version. Since there is,,,out/artifacts/artifacts__gen_shadow_environment_dispute_canary_missing.json
artifacts:gen_shadow_environment_dispute_cicd_manual,approved,reads as fact: I was checking the staging server logs this morning and noticed the pattern is consistent.,,,out/artifacts/artifacts__gen_shadow_environment_dispute_cicd_manual.json
artifacts:gen_shadow_environment_dispute_emilia_cost,approved,"reads as trade_off: The shadow environment infrastructure is a significant line item in the project budget, an",,Never write component or components. Say the shadow environment or the shadow servers. Keep what she would pay for and what she gets for it.,out/artifacts/artifacts__gen_shadow_environment_dispute_emilia_cost.json
artifacts:gen_shadow_environment_dispute_reuben_compliance,approved,reads as driver: I am pushing for a more rigorous testing and validation process to guarantee high product ,,,out/artifacts/artifacts__gen_shadow_environment_dispute_reuben_compliance.json
artifacts:gen_shadow_environment_dispute_ruth_canary_monitoring,approved,reads as driver: We need the canary and A/B testing pipelines to run automatically so we catch performance ,,,out/artifacts/artifacts__gen_shadow_environment_dispute_ruth_canary_monitoring.json
artifacts:gen_shadow_environment_dispute_ruth_shadow_governed,approved,reads as boundary: I need to be clear about my position on the shadow environment. I will not approve any mod,,,out/artifacts/artifacts__gen_shadow_environment_dispute_ruth_shadow_governed.json
artifacts:gen_shadow_environment_dispute_serving_manual,approved,"reads as fact: During the infrastructure sync, {automation_alex} mentioned the current workflow for the m",,"Closes with a summary closer (the endpoint remains in this state within the live environment...). End on a concrete observation, no summarizing sentence.",out/artifacts/artifacts__gen_shadow_environment_dispute_serving_manual.json
artifacts:gen_shadow_environment_dispute_shadow_broken,approved,reads as fact: I checked the shadow deployment environment this morning and found it completely non funct,,,out/artifacts/artifacts__gen_shadow_environment_dispute_shadow_broken.json
artifacts:gen_the_missing_gate_alex_speed_priority,approved,reads as driver: I have reviewed the proposed changes to the model promotion workflow. I strongly prefer th,,,out/artifacts/artifacts__gen_the_missing_gate_alex_speed_priority.json
artifacts:gen_the_missing_gate_alex_stability_driver,approved,reads as driver: I have been looking at the trigger logic for our acceptance checks and it is currently too,,,out/artifacts/artifacts__gen_the_missing_gate_alex_stability_driver.json
artifacts:gen_the_missing_gate_broken_acceptance_criteria,approved,reads as fact: I was tracing the deployment path from the training environment to the production cluster.,,"Uses the word stage (there was no intermediate stage where the model output was checked). Never use the word stage or stages, it is an internal modeling term. Rephrase, e.g. no intermediate check or review.",out/artifacts/artifacts__gen_the_missing_gate_broken_acceptance_criteria.json
artifacts:gen_the_missing_gate_emilia_cost_tradeoff,approved,reads as trade_off: I am looking at the operational budget impact of implementing a fully governed gate. The i,,,out/artifacts/artifacts__gen_the_missing_gate_emilia_cost_tradeoff.json
artifacts:gen_the_missing_gate_emilia_kpi_alignment,approved,reads as driver: The current manual KPI tracking is too inconsistent to support our strategic alignment. I ,,,out/artifacts/artifacts__gen_the_missing_gate_emilia_kpi_alignment.json
artifacts:gen_the_missing_gate_manual_data_contracts,approved,reads as fact: I was tracing the data flow through the ingestion layer and noticed how the contract defin,,,out/artifacts/artifacts__gen_the_missing_gate_manual_data_contracts.json
artifacts:gen_the_missing_gate_manual_risk_assessment,approved,reads as fact: I walked through the deployment workflow this morning to verify the current validation seq,,"Uses the word stages (attached to the pipeline stages during my observation window). Never use the word stage or stages, it is an internal modeling term. Rephrase without it.",out/artifacts/artifacts__gen_the_missing_gate_manual_risk_assessment.json
artifacts:gen_the_missing_gate_missing_kpi_defs,approved,reads as fact: I walked through the model registry this morning to check the latest deploy. The evaluatio,,"Closes with a summary closer (the system operates in a state where output quality is unverified by design). End on a concrete observation, no summarizing sentence.",out/artifacts/artifacts__gen_the_missing_gate_missing_kpi_defs.json
artifacts:gen_the_missing_gate_no_risk_acceptance_trigger,approved,reads as fact: I watched the handoff between the risk assessment review and the acceptance criteria defin,,"Ends with a summary closer (this is the current operational reality for that specific edge in our pipeline). End on a concrete observation, no summarizing sentence.",out/artifacts/artifacts__gen_the_missing_gate_no_risk_acceptance_trigger.json
artifacts:gen_the_missing_gate_reuben_gate_refusal,approved,reads as boundary: The security audit results are now final. I have reviewed the proposed workflow for model ,,,out/artifacts/artifacts__gen_the_missing_gate_reuben_gate_refusal.json
artifacts:gen_the_missing_gate_ruth_feedback_boundary,approved,reads as boundary: I need to be clear about my deployment protocol. I will not push any model to production i,,,out/artifacts/artifacts__gen_the_missing_gate_ruth_feedback_boundary.json
artifacts:gen_the_missing_gate_ruth_monitoring_gap,approved,reads as trade_off: I am willing to accept a manual quality gate if it means we can ship the new user facing f,,,out/artifacts/artifacts__gen_the_missing_gate_ruth_monitoring_gap.json
