item_id,status,summary,error,note,output_file
gists:gen_committed_pallets_alex_auto_driver,done,The automation level of the hand over from risk assessment to acceptance criteria keeps coming up in meetings.,,,out/gists/gists__gen_committed_pallets_alex_auto_driver.json
gists:gen_committed_pallets_alex_pipeline_trade,failed,Manual data contracts keep surfacing as a bottleneck whenever the team discusses automating the forecast pipel,"a blind reader committed to 'fact' from the gist alone (The statement simply observes that the topic is recurring in discussions without expressing a desire for more automation, a refusal, or an accepted trade-off.); rewrite it so it only names the topic, not a direction",,out/gists/gists__gen_committed_pallets_alex_pipeline_trade.json
gists:gen_committed_pallets_alex_trade,done,The handover between data contracts and automated processing keeps coming up in the discussion.,,,out/gists/gists__gen_committed_pallets_alex_trade.json
gists:gen_committed_pallets_automation_alex_driver_1,approved,The transition from risk assessment to acceptance criteria is the subject of {automation_alex} notes.,,,out/gists/gists__gen_committed_pallets_automation_alex_driver_1.json
gists:gen_committed_pallets_automation_alex_trade_off_1,approved,The automation status of the KPI definition process has come up in the release planning.,,,out/gists/gists__gen_committed_pallets_automation_alex_trade_off_1.json
gists:gen_committed_pallets_efficiency_emilia_trade_off_1,approved,The manual review process for KPI definitions has been raised as a topic in the team's efficiency discussions.,,,out/gists/gists__gen_committed_pallets_efficiency_emilia_trade_off_1.json
gists:gen_committed_pallets_efficiency_emilia_trade_off_2,approved,The manual handling of data contracts for this release keeps coming up in efficiency discussions with {efficie,,,out/gists/gists__gen_committed_pallets_efficiency_emilia_trade_off_2.json
gists:gen_committed_pallets_emilia_cost_trade,approved,The cost of the promotion week keeps coming up whenever you talk to {efficiency_emilia}.,,,out/gists/gists__gen_committed_pallets_emilia_cost_trade.json
gists:gen_committed_pallets_emilia_kpi_driver,approved,Residual stock and margin on the promotion week keep coming up whenever you talk to {efficiency_emilia}.,,,out/gists/gists__gen_committed_pallets_emilia_kpi_driver.json
gists:gen_committed_pallets_emilia_kpi_gap,done,The definition of the promotion week efficiency metric has been raised as a gap in the current reporting.,,,out/gists/gists__gen_committed_pallets_emilia_kpi_gap.json
gists:gen_committed_pallets_emilia_risk_trade,done,The efficiency of manual risk assessments for high risk replenishment scenarios keeps coming up in {efficiency,,,out/gists/gists__gen_committed_pallets_emilia_risk_trade.json
gists:gen_committed_pallets_reliability_ruth_driver_1,approved,Acceptance criteria for the forecast pipeline keep coming up whenever you talk to {reliability_ruth}.,,,out/gists/gists__gen_committed_pallets_reliability_ruth_driver_1.json
gists:gen_committed_pallets_reliability_ruth_trade_off_1,approved,The risk assessment process for this release has been raised by {reliability_ruth}.,,,out/gists/gists__gen_committed_pallets_reliability_ruth_trade_off_1.json
gists:gen_committed_pallets_requirements_reuben_boundary_1,approved,Governance of the acceptance criteria for the replenishment system has been raised by {requirements_reuben}.,,,out/gists/gists__gen_committed_pallets_requirements_reuben_boundary_1.json
gists:gen_committed_pallets_requirements_reuben_driver_1,failed,,"a blind reader committed to 'fact' from the gist alone (The statement describes a topic (governance of risk assessment handover) that has been raised in discussions, without indicating a desire for more, a refusal, a trade-off, or a specific operational stance.); rewrite it so it only names the topic, not a direction",,
gists:gen_committed_pallets_requirements_reuben_trade_off_1,approved,The handling of data contracts during requirements review keeps coming up in conversations with {requirements_,,,out/gists/gists__gen_committed_pallets_requirements_reuben_trade_off_1.json
gists:gen_committed_pallets_reuben_composite_driver,done,The chain of hand-overs from risk assessment through acceptance criteria to evaluation is the subject of a not,,,out/gists/gists__gen_committed_pallets_reuben_composite_driver.json
gists:gen_committed_pallets_reuben_gov_boundary,done,The governance status of the acceptance criteria for requirements keeps coming up in discussions with {require,,,out/gists/gists__gen_committed_pallets_reuben_gov_boundary.json
gists:gen_committed_pallets_reuben_governance_wall,approved,The auditable governance of the middle aisle allocation logic is the topic under discussion.,,,out/gists/gists__gen_committed_pallets_reuben_governance_wall.json
gists:gen_committed_pallets_reuben_risk_trade,done,The interplay between risk assessment procedures and acceptance criteria governance keeps coming up in require,,,out/gists/gists__gen_committed_pallets_reuben_risk_trade.json
gists:gen_committed_pallets_ruth_auto_driver,done,Reliability of the forecast pipeline is the topic when {reliability_ruth} discusses acceptance criteria automa,,,out/gists/gists__gen_committed_pallets_ruth_auto_driver.json
gists:gen_committed_pallets_ruth_monitoring_driver,approved,The allocation module's monitoring coverage before trucks leave has been raised as a topic for discussion.,,,out/gists/gists__gen_committed_pallets_ruth_monitoring_driver.json
gists:gen_committed_pallets_ruth_speed_trade,approved,The proposal to ship the feature using manual acceptance checks has been raised by {reliability_ruth}.,,,out/gists/gists__gen_committed_pallets_ruth_speed_trade.json
gists:gen_committed_pallets_ruth_trade,done,The missing reliability KPI definition keeps coming up whenever acceptance criteria automation is discussed wi,,,out/gists/gists__gen_committed_pallets_ruth_trade.json
gists:gen_cost_crisis_drift_gap_emilia_alert_cost,approved,The alerting system and its tooling overhead keep coming up in conversations with {efficiency_emilia}.,,,out/gists/gists__gen_cost_crisis_drift_gap_emilia_alert_cost.json
gists:gen_cost_crisis_drift_gap_emilia_boundary_drift,done,The efficiency of the automated drift monitoring process is the subject of {efficiency_emilia} note.,,,out/gists/gists__gen_cost_crisis_drift_gap_emilia_boundary_drift.json
gists:gen_cost_crisis_drift_gap_emilia_cut_drift,failed,The cost of running automated drift monitoring has been raised by {efficiency_emilia}.,"a blind reader thought this was about 'automation', not 'efficiency'; name the topic more clearly; a blind reader committed to 'boundary' from the gist alone (The gist describes a proposal to cut the automated drift monitoring budget to zero, which acts as a refusal or limit on the automation metric.); rewrite it so it only names the topic, not a direction",,out/gists/gists__gen_cost_crisis_drift_gap_emilia_cut_drift.json
gists:gen_cost_crisis_drift_gap_emilia_drift_cut,approved,The automated drift monitoring budget has been raised as a topic in the team's efficiency discussions.,,,out/gists/gists__gen_cost_crisis_drift_gap_emilia_drift_cut.json
gists:gen_cost_crisis_drift_gap_emilia_drift_edge,approved,The ongoing expense of the drift monitoring data flow keeps coming up in {efficiency_emilia}'s notes.,,,out/gists/gists__gen_cost_crisis_drift_gap_emilia_drift_edge.json
gists:gen_cost_crisis_drift_gap_emilia_driver_edge_retrain,done,The hand-over from alerting to retraining keeps coming up whenever you talk to {efficiency_emilia}.,,,out/gists/gists__gen_cost_crisis_drift_gap_emilia_driver_edge_retrain.json
gists:gen_cost_crisis_drift_gap_emilia_efficiency_kpi,approved,Aligning the monitoring budget with the efficiency KPI has been proposed by {efficiency_emilia}.,,,out/gists/gists__gen_cost_crisis_drift_gap_emilia_efficiency_kpi.json
gists:gen_cost_crisis_drift_gap_emilia_obs_cost,approved,The cost of the observability pipeline keeps climbing as scan line volume grows across the stores.,,,out/gists/gists__gen_cost_crisis_drift_gap_emilia_obs_cost.json
gists:gen_cost_crisis_drift_gap_emilia_tradeoff_alert,done,The cost of the alerting system keeps coming up whenever you talk to {efficiency_emilia}.,,,out/gists/gists__gen_cost_crisis_drift_gap_emilia_tradeoff_alert.json
gists:gen_cost_crisis_drift_gap_emilia_tradeoff_obs,done,The logging and observability pipeline has been raised as a topic in the current efficiency review.,,,out/gists/gists__gen_cost_crisis_drift_gap_emilia_tradeoff_obs.json
gists:gen_cost_crisis_drift_gap_monica_driver_edge_perf,done,The model's transition from observability to performance monitoring is the specific topic {model_monica} keeps,,,out/gists/gists__gen_cost_crisis_drift_gap_monica_driver_edge_perf.json
gists:gen_cost_crisis_drift_gap_monica_perf_gov,approved,Model performance monitoring review ownership has been raised in the Shelfcast team meetings.,,,out/gists/gists__gen_cost_crisis_drift_gap_monica_perf_gov.json
gists:gen_cost_crisis_drift_gap_monica_retrain_gov,approved,The weekly model retraining step and its execution controls have been raised by {model_monica}.,,,out/gists/gists__gen_cost_crisis_drift_gap_monica_retrain_gov.json
gists:gen_cost_crisis_drift_gap_monica_retraining,approved,The connection between drift alerts and model retraining has been raised by {model_monica}.,,,out/gists/gists__gen_cost_crisis_drift_gap_monica_retraining.json
gists:gen_cost_crisis_drift_gap_monica_tradeoff_retrain,done,The retraining trigger for the forecast model is the subject of a note from {model_monica}.,,,out/gists/gists__gen_cost_crisis_drift_gap_monica_tradeoff_retrain.json
gists:gen_cost_crisis_drift_gap_reuben_cost_control,failed,,"a blind reader thought this was about 'efficiency', not 'requirements'; name the topic more clearly",,
gists:gen_cost_crisis_drift_gap_reuben_drift_gov,approved,The question of who governs drift monitoring keeps surfacing in the requirements discussions with {requirement,,,out/gists/gists__gen_cost_crisis_drift_gap_reuben_drift_gov.json
gists:gen_cost_crisis_drift_gap_reuben_driver_composite_gov,done,Governance of the hand-overs around drift monitoring is the subject of a note from {requirements_reuben}.,,,out/gists/gists__gen_cost_crisis_drift_gap_reuben_driver_composite_gov.json
gists:gen_cost_crisis_drift_gap_reuben_obs_gov,approved,The security team's role in the logging and observability pipeline is the topic of {requirements_reuben}'s not,,,out/gists/gists__gen_cost_crisis_drift_gap_reuben_obs_gov.json
gists:gen_cost_crisis_drift_gap_reuben_rollback_gov,failed,,"a blind reader committed to 'driver' from the gist alone (The phrase 'has been raised by' indicates that the stakeholder is actively pushing for or demanding the addition of an audit trail feature, which aligns with the driver reading for requirements.); rewrite it so it only names the topic, not a direction",,
gists:gen_cost_crisis_drift_gap_reuben_tradeoff_alert_gov,done,Governance and sign-off for the alerting system is the subject of a note from {requirements_reuben}.,,,out/gists/gists__gen_cost_crisis_drift_gap_reuben_tradeoff_alert_gov.json
gists:gen_cost_crisis_drift_gap_reuben_tradeoff_rollback,done,The compliance implications of the rollback mechanism for model deployments have been raised by {requirements_,,,out/gists/gists__gen_cost_crisis_drift_gap_reuben_tradeoff_rollback.json
gists:gen_cost_crisis_drift_gap_ruth_drift_gov,failed,,"a blind reader committed to 'fact' from the gist alone (The gist states that a specific process is a recurring topic in discussions with a stakeholder, which is a descriptive observation of current workflow dynamics rather than a request for change, a refusal, or an accepted trade-off.); rewrite it so it only names the topic, not a direction",,
gists:gen_cost_crisis_drift_gap_ruth_driver_drift_gov,done,The governance status of drift monitoring keeps coming up in conversations with {reliability_ruth}.,,,out/gists/gists__gen_cost_crisis_drift_gap_ruth_driver_drift_gov.json
gists:gen_cost_crisis_drift_gap_ruth_governed_drift,approved,Drift monitoring on the production forecast keeps coming up in conversations with {reliability_ruth}.,,,out/gists/gists__gen_cost_crisis_drift_gap_ruth_governed_drift.json
gists:gen_cost_crisis_drift_gap_ruth_no_manual,approved,The adequacy of manual drift checks versus automated signal detection has been raised in reliability conversat,,,out/gists/gists__gen_cost_crisis_drift_gap_ruth_no_manual.json
gists:gen_cost_crisis_drift_gap_ruth_pipeline_auto,approved,The drift detection pipeline's autonomous operation is the subject of {reliability_ruth}'s current notes.,,,out/gists/gists__gen_cost_crisis_drift_gap_ruth_pipeline_auto.json
gists:gen_cost_crisis_drift_gap_ruth_tradeoff_drift_auto,done,The state of the drift monitoring automation is the subject of {reliability_ruth}'s note.,,,out/gists/gists__gen_cost_crisis_drift_gap_ruth_tradeoff_drift_auto.json
gists:gen_heatwave_forecast_gap_dave_driver_drift,approved,The hand-over process for drift checks on the weather feed keeps coming up in data discussions.,,,out/gists/gists__gen_heatwave_forecast_gap_dave_driver_drift.json
gists:gen_heatwave_forecast_gap_dave_driver_fs_train,done,The hand over from the feature store to the training pipeline has been raised by {data_dave}.,,,out/gists/gists__gen_heatwave_forecast_gap_dave_driver_fs_train.json
gists:gen_heatwave_forecast_gap_dave_trade_off_fs,approved,The manual feature store hand over is the topic {data_dave} keeps raising about the data pipeline.,,,out/gists/gists__gen_heatwave_forecast_gap_dave_trade_off_fs.json
gists:gen_heatwave_forecast_gap_dave_tradeoff_data,approved,The weather feed integration into the training pipeline keeps coming up in conversations with {data_dave}.,,,out/gists/gists__gen_heatwave_forecast_gap_dave_tradeoff_data.json
gists:gen_heatwave_forecast_gap_dave_tradeoff_gov_tracking,done,Experiment tracking records for the training data sets are the subject of a note from {data_dave}.,,,out/gists/gists__gen_heatwave_forecast_gap_dave_tradeoff_gov_tracking.json
gists:gen_heatwave_forecast_gap_emilia_driver_eff,approved,Model evaluation turnaround time for heatwave stockout scenarios has been raised as a recurring topic in team ,,,out/gists/gists__gen_heatwave_forecast_gap_emilia_driver_eff.json
gists:gen_heatwave_forecast_gap_emilia_driver_eval_gov,done,The formal governance status of the model evaluation harness keeps surfacing in efficiency reviews with {effic,,,out/gists/gists__gen_heatwave_forecast_gap_emilia_driver_eval_gov.json
gists:gen_heatwave_forecast_gap_emilia_driver_retrain,approved,The retraining trigger pipeline is on the agenda for {efficiency_emilia}.,,,out/gists/gists__gen_heatwave_forecast_gap_emilia_driver_retrain.json
gists:gen_heatwave_forecast_gap_emilia_trade_off_hpo,approved,The question of how hyperparameter tuning is handled for Shelfcast models keeps coming up in discussions with ,,,out/gists/gists__gen_heatwave_forecast_gap_emilia_trade_off_hpo.json
gists:gen_heatwave_forecast_gap_emilia_trade_off_registry,approved,The missing model registry keeps coming up whenever the team discusses the Shelfcast platform's operational ef,,,out/gists/gists__gen_heatwave_forecast_gap_emilia_trade_off_registry.json
gists:gen_heatwave_forecast_gap_emilia_tradeoff_auto_hpo,done,The time spent on manual hyperparameter tuning has been raised as a recurring operational concern.,,,out/gists/gists__gen_heatwave_forecast_gap_emilia_tradeoff_auto_hpo.json
gists:gen_heatwave_forecast_gap_emilia_tradeoff_gov_registry,done,Formal sign-off for the model registry has been raised as a potential bottleneck for deployment speed.,,,out/gists/gists__gen_heatwave_forecast_gap_emilia_tradeoff_gov_registry.json
gists:gen_heatwave_forecast_gap_monica_auto_eval,done,How model versions get evaluated before release is the subject of this note.,,,out/gists/gists__gen_heatwave_forecast_gap_monica_auto_eval.json
gists:gen_heatwave_forecast_gap_monica_composite_pipeline,done,The forecasting model's training and evaluation process is the subject of {model_monica}'s recent note.,,,out/gists/gists__gen_heatwave_forecast_gap_monica_composite_pipeline.json
gists:gen_heatwave_forecast_gap_monica_driver_eval,approved,The model evaluation harness keeps coming up whenever {model_monica} discusses the current testing process.,,,out/gists/gists__gen_heatwave_forecast_gap_monica_driver_eval.json
gists:gen_heatwave_forecast_gap_monica_driver_pipeline,failed,,gist says how much they care ('demand'); say only what it is about,,
gists:gen_heatwave_forecast_gap_monica_gov_registry,done,The governance of model registry promotion and sign-off has been raised by {model_monica}.,,,out/gists/gists__gen_heatwave_forecast_gap_monica_gov_registry.json
gists:gen_heatwave_forecast_gap_monica_trade_off_eval,approved,The state of the model evaluation harness keeps coming up in conversations with {model_monica}.,,,out/gists/gists__gen_heatwave_forecast_gap_monica_trade_off_eval.json
gists:gen_heatwave_forecast_gap_monica_trade_off_tracking,failed,,"a blind reader committed to 'fact' from the gist alone (The gist simply reports that experiment tracking for retraining is a known issue raised by a stakeholder, without expressing a desire for more, a refusal, or an accepted trade-off.); rewrite it so it only names the topic, not a direction",,
gists:gen_heatwave_forecast_gap_monica_tradeoff_eval,approved,The final model approval process has been raised by {model_monica} in the project discussion.,,,out/gists/gists__gen_heatwave_forecast_gap_monica_tradeoff_eval.json
gists:gen_heatwave_forecast_gap_monica_tradeoff_train_eval,done,The hand-over between model training and evaluation keeps coming up in the team's discussions.,,,out/gists/gists__gen_heatwave_forecast_gap_monica_tradeoff_train_eval.json
gists:gen_heatwave_forecast_gap_reuben_boundary_doc,failed,The approach to documenting evaluation test cases has been raised by {requirements_reuben}.,"a blind reader committed to 'fact' from the gist alone (The gist states that the topic of manual evaluation harnesses 'keeps coming up in requirements,' describing the current state of the requirements process without expressing a preference for or against the manual approach.); rewrite it so it only names the topic, not a direction",,out/gists/gists__gen_heatwave_forecast_gap_reuben_boundary_doc.json
gists:gen_heatwave_forecast_gap_reuben_boundary_eval,failed,,"a blind reader committed to 'fact' from the gist alone (The gist states an observation that the evaluation harness frequently appears in discussions with a specific stakeholder, without expressing a desire for change, a refusal, or an accepted trade-off.); rewrite it so it only names the topic, not a direction",,
gists:gen_heatwave_forecast_gap_reuben_boundary_gov_eval,done,The model evaluation harness and its formal review process have been raised by {requirements_reuben}.,,,out/gists/gists__gen_heatwave_forecast_gap_reuben_boundary_gov_eval.json
gists:gen_heatwave_forecast_gap_reuben_manual_eval,done,Documentation practices for the model evaluation harness are under discussion among the requirements stakehold,,,out/gists/gists__gen_heatwave_forecast_gap_reuben_manual_eval.json
gists:gen_heatwave_forecast_gap_reuben_trade_off_acceptance,approved,The hand over of acceptance criteria between teams is the topic in {requirements_reuben}'s note.,,,out/gists/gists__gen_heatwave_forecast_gap_reuben_trade_off_acceptance.json
gists:gen_heatwave_forecast_gap_reuben_tradeoff_time,approved,The documentation window for the heatwave model update keeps coming up in discussions with {requirements_reube,,,out/gists/gists__gen_heatwave_forecast_gap_reuben_tradeoff_time.json
gists:gen_heatwave_kpi_gap_emilia_acceptance_boundary,approved,The efficiency of the forecast workflow is on the table during strategy alignment talks.,,,out/gists/gists__gen_heatwave_kpi_gap_emilia_acceptance_boundary.json
gists:gen_heatwave_kpi_gap_emilia_edge_tradeoff,approved,The hand-over from risk assessment to acceptance criteria keeps coming up in the efficiency discussions.,,,out/gists/gists__gen_heatwave_kpi_gap_emilia_edge_tradeoff.json
gists:gen_heatwave_kpi_gap_emilia_kpi_boundary,approved,The definition of margin on the promotion week keeps coming up in efficiency discussions.,,,out/gists/gists__gen_heatwave_kpi_gap_emilia_kpi_boundary.json
gists:gen_heatwave_kpi_gap_emilia_kpi_manual,approved,The definition of the efficiency KPI has been raised as a topic for discussion.,,,out/gists/gists__gen_heatwave_kpi_gap_emilia_kpi_manual.json
gists:gen_heatwave_kpi_gap_emilia_kpi_tradeoff,approved,The KPI definition process has been raised as a recurring topic in discussions with {efficiency_emilia}.,,,out/gists/gists__gen_heatwave_kpi_gap_emilia_kpi_tradeoff.json
gists:gen_heatwave_kpi_gap_emilia_risk_manual,approved,The manual process behind the risk assessment keeps coming up in conversations with {efficiency_emilia}.,,,out/gists/gists__gen_heatwave_kpi_gap_emilia_risk_manual.json
gists:gen_heatwave_kpi_gap_emilia_risk_tradeoff,approved,The manual process behind risk assessment keeps coming up whenever {efficiency_emilia} discusses the current w,,,out/gists/gists__gen_heatwave_kpi_gap_emilia_risk_tradeoff.json
gists:gen_heatwave_kpi_gap_monica_criteria_automation,failed,,"a blind reader thought this was about 'requirements', not 'model'; name the topic more clearly; a blind reader committed to 'fact' from the gist alone (The gist states as a neutral observation that a specific stakeholder consistently raises automated acceptance criteria, without expressing a desire to change them or a refusal.); rewrite it so it only names the topic, not a direction",,
gists:gen_heatwave_kpi_gap_monica_data_contracts,failed,,"a blind reader thought this was about 'data', not 'model'; name the topic more clearly",,
gists:gen_heatwave_kpi_gap_monica_kpi_automation,approved,The way model KPIs are defined has been raised in discussions with {model_monica}.,,,out/gists/gists__gen_heatwave_kpi_gap_monica_kpi_automation.json
gists:gen_heatwave_kpi_gap_monica_kpi_governance_driver,failed,,"a blind reader thought this was about 'requirements', not 'model'; name the topic more clearly; a blind reader committed to 'fact' from the gist alone (The statement simply reports that the governance process for KPI definitions (a requirements-related topic) has been raised, without indicating a demand, refusal, or trade-off.); rewrite it so it only names the topic, not a direction",,
gists:gen_heatwave_kpi_gap_monica_kpi_pipeline_driver,approved,The model KPI definition and its downstream hand-overs keep coming up in the Shelfcast planning discussions.,,,out/gists/gists__gen_heatwave_kpi_gap_monica_kpi_pipeline_driver.json
gists:gen_loyalty_consent_gap_alex_boundary_contracts,failed,,"a blind reader thought this was about 'reliability', not 'automation'; name the topic more clearly",,
gists:gen_loyalty_consent_gap_alex_driver,done,Risk assessment reviews and how they are currently handled keep coming up in talks with {automation_alex}.,,,out/gists/gists__gen_loyalty_consent_gap_alex_driver.json
gists:gen_loyalty_consent_gap_alex_driver_contracts,approved,The topic of automating data contracts to run the pipeline without manual intervention has been raised.,,,out/gists/gists__gen_loyalty_consent_gap_alex_driver_contracts.json
gists:gen_loyalty_consent_gap_alex_pipeline_stability,approved,The gap between automated ordering and manual contract review has been raised as a recurring concern.,,,out/gists/gists__gen_loyalty_consent_gap_alex_pipeline_stability.json
gists:gen_loyalty_consent_gap_alex_trade_kpi_gov,done,The level of automation applied to KPI checks during the loyalty data audit keeps coming up.,,,out/gists/gists__gen_loyalty_consent_gap_alex_trade_kpi_gov.json
gists:gen_loyalty_consent_gap_alex_trade_metric,done,Shifting automation budget toward the loyalty data audit keeps coming up in planning discussions.,,,out/gists/gists__gen_loyalty_consent_gap_alex_trade_metric.json
gists:gen_loyalty_consent_gap_alex_tradeoff_risk,approved,The automation level of the loyalty data risk assessment process has come up in recent pipeline discussions.,,,out/gists/gists__gen_loyalty_consent_gap_alex_tradeoff_risk.json
gists:gen_loyalty_consent_gap_emilia_boundary,done,The hand off into ingestion for loyalty data keeps coming up in efficiency discussions.,,,out/gists/gists__gen_loyalty_consent_gap_emilia_boundary.json
gists:gen_loyalty_consent_gap_emilia_contracts_compromise,approved,The effort required to manually review data contracts keeps coming up whenever you talk to {efficiency_emilia},,,out/gists/gists__gen_loyalty_consent_gap_emilia_contracts_compromise.json
gists:gen_loyalty_consent_gap_emilia_driver_acceptance,approved,The speed of the promotion cycle keeps coming up in talks with {efficiency_emilia}.,,,out/gists/gists__gen_loyalty_consent_gap_emilia_driver_acceptance.json
gists:gen_loyalty_consent_gap_emilia_efficiency_focus,failed,The speed of data contract review processes keeps coming up in discussions with {efficiency_emilia}.,"a blind reader thought this was about 'data', not 'efficiency'; name the topic more clearly",,out/gists/gists__gen_loyalty_consent_gap_emilia_efficiency_focus.json
gists:gen_loyalty_consent_gap_emilia_trade_contracts,done,The cost and effort of the data contracts audit is the subject of a note from {efficiency_emilia}.,,,out/gists/gists__gen_loyalty_consent_gap_emilia_trade_contracts.json
gists:gen_loyalty_consent_gap_emilia_tradeoff_contracts,failed,,"a blind reader committed to 'driver' from the gist alone (The phrase 'keeps coming up' regarding how fast checks finish indicates a recurring demand for speed, which aligns with the 'driver' reading for the efficiency metric.); rewrite it so it only names the topic, not a direction",,
gists:gen_loyalty_consent_gap_reuben_boundary,done,"Sign-off on the data contracts, as a requirements question, is the subject of a note from {requirements_reuben",,,out/gists/gists__gen_loyalty_consent_gap_reuben_boundary.json
gists:gen_loyalty_consent_gap_reuben_boundary_contracts,approved,"Requirements for loyalty data contracts are on the agenda, alongside the question of who signs off on intake.",,,out/gists/gists__gen_loyalty_consent_gap_reuben_boundary_contracts.json
gists:gen_loyalty_consent_gap_reuben_composite_driver,done,Governance of the risk review hand-off and the acceptance checks after it is the subject of a note from {requi,,,out/gists/gists__gen_loyalty_consent_gap_reuben_composite_driver.json
gists:gen_loyalty_consent_gap_reuben_contracts_governance,approved,Consent checks within the loyalty basket data contracts are the subject of the current requirements discussion,,,out/gists/gists__gen_loyalty_consent_gap_reuben_contracts_governance.json
gists:gen_loyalty_consent_gap_reuben_kpi_baseline,failed,KPI definitions for the next promotion cycle keep coming up in discussions with {requirements_reuben}.,"a blind reader committed to 'fact' from the gist alone (The gist states that an agreement on KPI definitions has been raised as a topic within the requirements conversation, describing the current status of the discussion without expressing a preference, refusal, or trade-off.); rewrite it so it only names the topic, not a direction",,out/gists/gists__gen_loyalty_consent_gap_reuben_kpi_baseline.json
gists:gen_loyalty_consent_gap_reuben_trade_kpi,done,The current state of KPI definition review practices keeps coming up whenever the loyalty data audit is discus,,,out/gists/gists__gen_loyalty_consent_gap_reuben_trade_kpi.json
gists:gen_loyalty_consent_gap_reuben_trade_metric,done,The compliance budget for the loyalty data audit has been raised as a point of negotiation.,,,out/gists/gists__gen_loyalty_consent_gap_reuben_trade_metric.json
gists:gen_loyalty_consent_gap_reuben_tradeoff_kpi,approved,The management of KPI definitions relative to data contract security keeps coming up in requirements discussio,,,out/gists/gists__gen_loyalty_consent_gap_reuben_tradeoff_kpi.json
gists:gen_loyalty_consent_gap_reuben_tradeoff_risk,approved,Requirements discussions keep circling back to the manual option for the loyalty data risk assessment.,,,out/gists/gists__gen_loyalty_consent_gap_reuben_tradeoff_risk.json
gists:gen_loyalty_consent_gap_ruth_boundary,done,The reliability of the hand-off into model evaluation is the subject of a note from {reliability_ruth}.,,,out/gists/gists__gen_loyalty_consent_gap_ruth_boundary.json
gists:gen_loyalty_consent_gap_ruth_driver,done,The reliability of loyalty data acceptance checks has been raised as a topic for review.,,,out/gists/gists__gen_loyalty_consent_gap_ruth_driver.json
gists:gen_loyalty_consent_gap_ruth_driver_eval,approved,Reliability of the model evaluation trigger when acceptance criteria run automatically is the topic under disc,,,out/gists/gists__gen_loyalty_consent_gap_ruth_driver_eval.json
gists:gen_loyalty_consent_gap_ruth_monitoring_gap,approved,Data contract execution monitoring has been raised as a topic in the reliability discussions.,,,out/gists/gists__gen_loyalty_consent_gap_ruth_monitoring_gap.json
gists:gen_loyalty_consent_gap_ruth_tradeoff_kpi,approved,The link between model evaluation reliability and how KPI definitions are handled has been raised.,,,out/gists/gists__gen_loyalty_consent_gap_ruth_tradeoff_kpi.json
gists:gen_loyalty_data_deployment_block_alex_canary_trade,done,The degree of automation applied to the canary testing step in the release workflow is the topic.,,,out/gists/gists__gen_loyalty_data_deployment_block_alex_canary_trade.json
gists:gen_loyalty_data_deployment_block_alex_canary_trigger,approved,When canary tests start relative to model version registration keeps coming up in team discussions.,,,out/gists/gists__gen_loyalty_data_deployment_block_alex_canary_trigger.json
gists:gen_loyalty_data_deployment_block_alex_cicd_trade,done,A manual approval step in the deployment pipeline keeps coming up whenever the team talks about keeping releas,,,out/gists/gists__gen_loyalty_data_deployment_block_alex_cicd_trade.json
gists:gen_loyalty_data_deployment_block_alex_governance_gate,approved,Manual approval steps in the deployment pipeline have been raised in discussions about release automation.,,,out/gists/gists__gen_loyalty_data_deployment_block_alex_governance_gate.json
gists:gen_loyalty_data_deployment_block_alex_manual_approval,approved,A manual approval step for the deployment pipeline has come up in discussions with {automation_alex}.,,,out/gists/gists__gen_loyalty_data_deployment_block_alex_manual_approval.json
gists:gen_loyalty_data_deployment_block_alex_pipeline_driver,done,The deployment pipeline from model registry to serving endpoint keeps coming up in discussions with {automatio,,,out/gists/gists__gen_loyalty_data_deployment_block_alex_pipeline_driver.json
gists:gen_loyalty_data_deployment_block_alex_pipeline_restore,approved,The automated flow for nightly model releases keeps coming up in discussions with {automation_alex}.,,,out/gists/gists__gen_loyalty_data_deployment_block_alex_pipeline_restore.json
gists:gen_loyalty_data_deployment_block_alex_promotion_deadline,approved,The deployment pipeline for the loyalty data model has come up in the discussion.,,,out/gists/gists__gen_loyalty_data_deployment_block_alex_promotion_deadline.json
gists:gen_loyalty_data_deployment_block_alex_serving_trade,done,The automation level of the model serving endpoint keeps coming up whenever the team discusses the pipeline.,,,out/gists/gists__gen_loyalty_data_deployment_block_alex_serving_trade.json
gists:gen_loyalty_data_deployment_block_alex_shadow_concession,approved,The shadow deployment step has been raised as a possible manual workaround to unblock the main pipeline.,,,out/gists/gists__gen_loyalty_data_deployment_block_alex_shadow_concession.json
gists:gen_loyalty_data_deployment_block_emilia_cicd_trade,done,Infrastructure costs for the CI/CD pipeline have been raised as a recurring topic in the team discussions.,,,out/gists/gists__gen_loyalty_data_deployment_block_emilia_cicd_trade.json
gists:gen_loyalty_data_deployment_block_emilia_cost_control,approved,The cost of running the new model version in the production environment keeps coming up in discussions.,,,out/gists/gists__gen_loyalty_data_deployment_block_emilia_cost_control.json
gists:gen_loyalty_data_deployment_block_emilia_cost_tradeoff,approved,The relationship between shadow testing and canary validation for model releases has been raised by {efficienc,,,out/gists/gists__gen_loyalty_data_deployment_block_emilia_cost_tradeoff.json
gists:gen_loyalty_data_deployment_block_emilia_gateway_sourcing,approved,The cost of the API gateway license keeps coming up in discussions with {efficiency_emilia}.,,,out/gists/gists__gen_loyalty_data_deployment_block_emilia_gateway_sourcing.json
gists:gen_loyalty_data_deployment_block_emilia_orch_trade,done,The orchestration layer and its deployment complexity keep coming up in talks with {efficiency_emilia}.,,,out/gists/gists__gen_loyalty_data_deployment_block_emilia_orch_trade.json
gists:gen_loyalty_data_deployment_block_emilia_promo_deadline,approved,The timing of the promotion deadline relative to the deployment process has been raised by {efficiency_emilia},,,out/gists/gists__gen_loyalty_data_deployment_block_emilia_promo_deadline.json
gists:gen_loyalty_data_deployment_block_emilia_serving_driver,done,Response times on the model serving endpoint keep coming up whenever you talk to {efficiency_emilia}.,,,out/gists/gists__gen_loyalty_data_deployment_block_emilia_serving_driver.json
gists:gen_loyalty_data_deployment_block_reuben_audit_boundary,failed,,"a blind reader committed to 'fact' from the gist alone (The statement simply reports that specific audit trail requirements have been noted, describing the current status without expressing a preference, refusal, or trade-off.); rewrite it so it only names the topic, not a direction",,
gists:gen_loyalty_data_deployment_block_reuben_audit_trail,approved,Audit trails on automated deployment steps keep coming up in conversations with {requirements_reuben}.,,,out/gists/gists__gen_loyalty_data_deployment_block_reuben_audit_trail.json
gists:gen_loyalty_data_deployment_block_reuben_compliance_check,approved,The placement of consent validation inside the pre-deployment workflow is the specific topic under discussion.,,,out/gists/gists__gen_loyalty_data_deployment_block_reuben_compliance_check.json
gists:gen_loyalty_data_deployment_block_reuben_deploy_boundary,done,Legal compliance requirements for the deployment pipeline are the subject of a note from {requirements_reuben},,,out/gists/gists__gen_loyalty_data_deployment_block_reuben_deploy_boundary.json
gists:gen_loyalty_data_deployment_block_reuben_manual_review,approved,Consent validation for loyalty data before serving the forecast is the subject of the note.,,,out/gists/gists__gen_loyalty_data_deployment_block_reuben_manual_review.json
gists:gen_loyalty_data_deployment_block_reuben_registry_driver,done,Governance of the hand-over from the model registry to the CI/CD pipeline is the subject of a note from {requi,,,out/gists/gists__gen_loyalty_data_deployment_block_reuben_registry_driver.json
gists:gen_loyalty_data_deployment_block_ruth_canary_concession,approved,The review process for canary test results has come up in discussions about release speed.,,,out/gists/gists__gen_loyalty_data_deployment_block_ruth_canary_concession.json
gists:gen_loyalty_data_deployment_block_ruth_feedback_loop,approved,The link between the serving endpoint and the monitoring system has been raised with {reliability_ruth}.,,,out/gists/gists__gen_loyalty_data_deployment_block_ruth_feedback_loop.json
gists:gen_loyalty_data_deployment_block_ruth_rollback_automation,approved,The proposal for automatic rollback triggers based on reliability thresholds keeps coming up in discussions wi,,,out/gists/gists__gen_loyalty_data_deployment_block_ruth_rollback_automation.json
gists:gen_loyalty_data_deployment_block_ruth_rollback_trade,done,The manual rollback process for the serving endpoint keeps coming up in reliability reviews.,,,out/gists/gists__gen_loyalty_data_deployment_block_ruth_rollback_trade.json
gists:gen_loyalty_data_deployment_block_ruth_serving_driver,done,The hand over from the serving endpoint to the API gateway has been raised by {reliability_ruth}.,,,out/gists/gists__gen_loyalty_data_deployment_block_ruth_serving_driver.json
gists:gen_nightly_window_miss_dave_ingest_cost,approved,Ingestion pipeline costs keep coming up whenever the team discusses data infrastructure.,,,out/gists/gists__gen_nightly_window_miss_dave_ingest_cost.json
gists:gen_nightly_window_miss_dave_ingestion_tradeoff,approved,The adequacy of manual checks for managing data risk keeps coming up in conversations with {data_dave}.,,,out/gists/gists__gen_nightly_window_miss_dave_ingestion_tradeoff.json
gists:gen_nightly_window_miss_dave_validation_boundary,approved,The manual handling of data validation keeps coming up whenever the team discusses the nightly pipeline.,,,out/gists/gists__gen_nightly_window_miss_dave_validation_boundary.json
gists:gen_nightly_window_miss_dave_validation_manual,approved,Data validation procedures and their current manual execution status are the subject of ongoing discussion wit,,,out/gists/gists__gen_nightly_window_miss_dave_validation_manual.json
gists:gen_nightly_window_miss_emilia_cost_savings,approved,Infrastructure costs keep coming up whenever the team discusses the Shelfcast platform's operational footprint,,,out/gists/gists__gen_nightly_window_miss_emilia_cost_savings.json
gists:gen_nightly_window_miss_emilia_forecast_speed,approved,The speed of the nightly forecast job keeps coming up whenever the morning order window is discussed.,,,out/gists/gists__gen_nightly_window_miss_emilia_forecast_speed.json
gists:gen_nightly_window_miss_emilia_validation_driver,approved,The cost of data validation keeps coming up whenever you talk to {efficiency_emilia}.,,,out/gists/gists__gen_nightly_window_miss_emilia_validation_driver.json
gists:gen_nightly_window_miss_reuben_drift_pipeline,approved,The drift check pipeline keeps coming up whenever {requirements_reuben} talks about the forecast job.,,,out/gists/gists__gen_nightly_window_miss_reuben_drift_pipeline.json
gists:gen_nightly_window_miss_reuben_feature_store_gov,approved,The state of feature store access controls sits at the centre of the discussion with {requirements_reuben}.,,,out/gists/gists__gen_nightly_window_miss_reuben_feature_store_gov.json
gists:gen_nightly_window_miss_reuben_validation_tradeoff,approved,Data validation testing is the topic on the requirements agenda.,,,out/gists/gists__gen_nightly_window_miss_reuben_validation_tradeoff.json
gists:gen_nightly_window_miss_reuben_versioning_gov,failed,,"a blind reader thought this was about 'data', not 'requirements'; name the topic more clearly; a blind reader committed to 'fact' from the gist alone (The gist states that requirements have been raised, which is a descriptive statement about the current project status regarding data versioning without explicitly committing to a desire for more, a refusal, or a specific trade-off.); rewrite it so it only names the topic, not a direction",,
gists:gen_nightly_window_miss_ruth_ingest_trigger,failed,,"a blind reader committed to 'fact' from the gist alone (The gist explicitly states that the timing issue has been raised in reliability discussions, describing the current status without expressing a desire for change, a refusal, or a trade-off.); rewrite it so it only names the topic, not a direction",,
gists:gen_nightly_window_miss_ruth_ingestion_tradeoff,approved,The reliability of till scan line delivery before the nightly forecast run keeps coming up in discussions.,,,out/gists/gists__gen_nightly_window_miss_ruth_ingestion_tradeoff.json
gists:gen_nightly_window_miss_ruth_nightly_pipeline,approved,The nightly data pipeline reliability has been raised as a standing concern in recent planning discussions.,,,out/gists/gists__gen_nightly_window_miss_ruth_nightly_pipeline.json
gists:gen_nightly_window_miss_ruth_validation_driver,approved,The reliability of the nightly data validation step has been raised as a topic for discussion.,,,out/gists/gists__gen_nightly_window_miss_ruth_validation_driver.json
gists:gen_nightly_window_miss_ruth_validation_governance,failed,,"a blind reader committed to 'fact' from the gist alone (The gist states that a specific topic (sign-off on validation rules) repeatedly appears in discussions about reliability, describing the current state of affairs without indicating a desire for change, a refusal, or an accepted trade-off.); rewrite it so it only names the topic, not a direction",,
gists:gen_nightly_window_miss_ruth_version_trigger,approved,The hand-over from validation to versioning keeps coming up in conversations with {reliability_ruth}.,,,out/gists/gists__gen_nightly_window_miss_ruth_version_trigger.json
gists:gen_override_blind_spot_dave_data_quality,approved,Improving data quality in the model training pipeline has been proposed by {data_dave}.,,,out/gists/gists__gen_override_blind_spot_dave_data_quality.json
gists:gen_override_blind_spot_dave_drift_gov,approved,The training drift check and its current governance status have been mentioned by {data_dave}.,,,out/gists/gists__gen_override_blind_spot_dave_drift_gov.json
gists:gen_override_blind_spot_dave_driver_data,done,The feature store to training pipeline hand-over keeps coming up whenever you talk to {data_dave}.,,,out/gists/gists__gen_override_blind_spot_dave_driver_data.json
gists:gen_override_blind_spot_dave_feature_auto,approved,The hand-over from the feature store to the training pipeline keeps coming up in data discussions.,,,out/gists/gists__gen_override_blind_spot_dave_feature_auto.json
gists:gen_override_blind_spot_dave_tradeoff_hpo,done,The practice of manual hyperparameter tuning has come up in discussions about the state of the data pipeline.,,,out/gists/gists__gen_override_blind_spot_dave_tradeoff_hpo.json
gists:gen_override_blind_spot_emilia_cost_concern,approved,The expense of building a fully automated model registry keeps coming up in efficiency discussions.,,,out/gists/gists__gen_override_blind_spot_emilia_cost_concern.json
gists:gen_override_blind_spot_emilia_driver_efficiency,done,Efficiency concerns around the manual retraining trigger process have been raised in recent discussions.,,,out/gists/gists__gen_override_blind_spot_emilia_driver_efficiency.json
gists:gen_override_blind_spot_emilia_driver_monitoring,done,The hand-over from drift checks to training pipelines has been raised in efficiency discussions.,,,out/gists/gists__gen_override_blind_spot_emilia_driver_monitoring.json
gists:gen_override_blind_spot_emilia_registry_cicd,approved,The hand over between the model registry and the CI/CD pipeline keeps coming up in {efficiency_emilia}'s notes,,,out/gists/gists__gen_override_blind_spot_emilia_registry_cicd.json
gists:gen_override_blind_spot_emilia_retrain_auto,approved,The manual retraining trigger has been raised in discussions about operational efficiency for the forecasting ,,,out/gists/gists__gen_override_blind_spot_emilia_retrain_auto.json
gists:gen_override_blind_spot_emilia_tradeoff_cost,done,The training pipeline's review process has been raised in discussions with {efficiency_emilia}.,,,out/gists/gists__gen_override_blind_spot_emilia_tradeoff_cost.json
gists:gen_override_blind_spot_emilia_train_eval_auto,approved,The hand over from the training pipeline to the evaluation harness keeps coming up in {efficiency_emilia}'s no,,,out/gists/gists__gen_override_blind_spot_emilia_train_eval_auto.json
gists:gen_override_blind_spot_manual_review_red_line,approved,The model registry review process keeps coming up in {requirements_reuben}'s notes.,,,out/gists/gists__gen_override_blind_spot_manual_review_red_line.json
gists:gen_override_blind_spot_monica_automation_push,approved,The model registry workflow has been raised as a topic in the team's recent discussions.,,,out/gists/gists__gen_override_blind_spot_monica_automation_push.json
gists:gen_override_blind_spot_monica_driver_composite,done,"The model promotion pipeline, from evaluation to deployment, keeps coming up in {model_monica}'s notes.",,,out/gists/gists__gen_override_blind_spot_monica_driver_composite.json
gists:gen_override_blind_spot_monica_driver_registry,done,The model registry and its traceability have been raised by {model_monica} during the recent planning session.,,,out/gists/gists__gen_override_blind_spot_monica_driver_registry.json
gists:gen_override_blind_spot_monica_eval_auto,approved,The hand over from model evaluation to the registry keeps coming up in team discussions.,,,out/gists/gists__gen_override_blind_spot_monica_eval_auto.json
gists:gen_override_blind_spot_monica_hpo_speed,approved,{model_monica} has raised the topic of how model hyperparameters are currently adjusted during retraining cycl,,,out/gists/gists__gen_override_blind_spot_monica_hpo_speed.json
gists:gen_override_blind_spot_monica_registry_trace,approved,The model registry is the specific topic that keeps surfacing in {model_monica} discussions about the platform,,,out/gists/gists__gen_override_blind_spot_monica_registry_trace.json
gists:gen_override_blind_spot_monica_reproducibility,failed,,"a blind reader committed to 'fact' from the gist alone (The statement observes that specific topics regarding model versioning and reproducibility are frequently mentioned in notes, without expressing a preference, refusal, or trade-off.); rewrite it so it only names the topic, not a direction",,
gists:gen_override_blind_spot_monica_tracking_gov,approved,Experiment tracking governance has been raised in conversations about the model development workflow.,,,out/gists/gists__gen_override_blind_spot_monica_tracking_gov.json
gists:gen_override_blind_spot_monica_tradeoff_eval,done,The question of how the model is evaluated before deployment keeps coming up in team discussions.,,,out/gists/gists__gen_override_blind_spot_monica_tradeoff_eval.json
gists:gen_override_blind_spot_monica_tradeoff_tracking,done,Experiment tracking practices within the model registry are the specific topic under discussion.,,,out/gists/gists__gen_override_blind_spot_monica_tradeoff_tracking.json
gists:gen_override_blind_spot_reuben_boundary_registry,done,The compliance posture of the manual model registry process keeps coming up in discussions with {requirements_,,,out/gists/gists__gen_override_blind_spot_reuben_boundary_registry.json
gists:gen_override_blind_spot_reuben_compliance_focus,approved,The model registry process is the topic of the note from {requirements_reuben}.,,,out/gists/gists__gen_override_blind_spot_reuben_compliance_focus.json
gists:gen_override_blind_spot_reuben_eval_gov,approved,The model evaluation harness and its review process keep coming up in discussions with {requirements_reuben}.,,,out/gists/gists__gen_override_blind_spot_reuben_eval_gov.json
gists:gen_override_blind_spot_reuben_registry_manual,approved,The model registry process has been raised as a topic for the requirements review.,,,out/gists/gists__gen_override_blind_spot_reuben_registry_manual.json
gists:gen_override_blind_spot_reuben_tradeoff_eval,done,The question of who reviews model evaluation results and how that review is conducted has been raised by {requ,,,out/gists/gists__gen_override_blind_spot_reuben_tradeoff_eval.json
gists:gen_shadow_deployment_contract_alex_canary_driver,failed,,generation error: Connection error.,,
gists:gen_shadow_deployment_contract_alex_canary_trigger,approved,The pipeline to canary testing hand-over is the topic that keeps coming up with {automation_alex}.,,,out/gists/gists__gen_shadow_deployment_contract_alex_canary_trigger.json
gists:gen_shadow_deployment_contract_alex_cicd_governance,approved,The governance review status of the CI/CD pipeline has been brought up by {automation_alex}.,,,out/gists/gists__gen_shadow_deployment_contract_alex_cicd_governance.json
gists:gen_shadow_deployment_contract_alex_cicd_trade,pending,,,,
gists:gen_shadow_deployment_contract_alex_composite_driver,done,The registry hand-off through containerization into the shadow hand-off has been raised as a topic.,,,out/gists/gists__gen_shadow_deployment_contract_alex_composite_driver.json
gists:gen_shadow_deployment_contract_alex_orch_tradeoff,approved,The manual configuration process for the shadow environment orchestration layer has been raised during recent ,,,out/gists/gists__gen_shadow_deployment_contract_alex_orch_tradeoff.json
gists:gen_shadow_deployment_contract_alex_rollback_driver,failed,,generation error: Connection error.,,
gists:gen_shadow_deployment_contract_alex_rollback_trigger,failed,,"a blind reader thought this was about 'reliability', not 'automation'; name the topic more clearly; a blind reader committed to 'fact' from the gist alone (The statement describes the status of rollback procedures and threshold triggers, which are mechanisms for system reliability, without expressing a preference, refusal, or trade-off.); rewrite it so it only names the topic, not a direction",,
gists:gen_shadow_deployment_contract_alex_shadow_boundary,pending,,,,
gists:gen_shadow_deployment_contract_alex_shadow_manual,approved,The manual process for maintaining the shadow deployment environment keeps coming up in team discussions.,,,out/gists/gists__gen_shadow_deployment_contract_alex_shadow_manual.json
gists:gen_shadow_deployment_contract_alex_shadow_tradeoff,approved,The manual shadow deployment process keeps coming up whenever the team discusses changes to the CI/CD pipeline,,,out/gists/gists__gen_shadow_deployment_contract_alex_shadow_tradeoff.json
gists:gen_shadow_deployment_contract_alex_trade_automation_metric,done,The shadow hand-off process and its place in the automation budget keeps coming up in planning discussions.,,,out/gists/gists__gen_shadow_deployment_contract_alex_trade_automation_metric.json
gists:gen_shadow_deployment_contract_alex_trade_container,done,The current hands on containerization setup is the specific topic {automation_alex} has brought to the team di,,,out/gists/gists__gen_shadow_deployment_contract_alex_trade_container.json
gists:gen_shadow_deployment_contract_alex_trade_gateway,done,The hand-off into the gateway keeps coming up whenever you talk to {automation_alex}.,,,out/gists/gists__gen_shadow_deployment_contract_alex_trade_gateway.json
gists:gen_shadow_deployment_contract_emilia_boundary_gateway_gov,done,The gateway sign off process keeps coming up whenever you talk to {efficiency_emilia}.,,,out/gists/gists__gen_shadow_deployment_contract_emilia_boundary_gateway_gov.json
gists:gen_shadow_deployment_contract_emilia_canary_automation,approved,The release pipeline's canary testing setup has been brought up by {efficiency_emilia} regarding deployment sp,,,out/gists/gists__gen_shadow_deployment_contract_emilia_canary_automation.json
gists:gen_shadow_deployment_contract_emilia_cicd_trade,pending,,,,
gists:gen_shadow_deployment_contract_emilia_composite_driver,approved,The deployment pipeline from the model registry to the serving endpoint keeps coming up in talks with {efficie,,,out/gists/gists__gen_shadow_deployment_contract_emilia_composite_driver.json
gists:gen_shadow_deployment_contract_emilia_driver_gateway,done,The gateway's manual processing workflow has been raised by {efficiency_emilia} as a topic for discussion.,,,out/gists/gists__gen_shadow_deployment_contract_emilia_driver_gateway.json
gists:gen_shadow_deployment_contract_emilia_driver_serving,done,The nightly forecast job and its serving speed keep coming up in talks with {efficiency_emilia}.,,,out/gists/gists__gen_shadow_deployment_contract_emilia_driver_serving.json
gists:gen_shadow_deployment_contract_emilia_eff_tradeoff,failed,The compute cost of the automated shadow environment keeps coming up in efficiency discussions.,"a blind reader committed to 'fact' from the gist alone (The statement reports a specific increase in compute costs for an automated environment, which is a factual observation regarding resource expenditure rather than a directive, refusal, or accepted trade-off.); rewrite it so it only names the topic, not a direction",,out/gists/gists__gen_shadow_deployment_contract_emilia_eff_tradeoff.json
gists:gen_shadow_deployment_contract_emilia_gateway_governance,approved,The API gateway and its review process have been raised in conversations with {efficiency_emilia}.,,,out/gists/gists__gen_shadow_deployment_contract_emilia_gateway_governance.json
gists:gen_shadow_deployment_contract_emilia_serving_driver,pending,,,,
gists:gen_shadow_deployment_contract_emilia_shadow_trade,pending,,,,
gists:gen_shadow_deployment_contract_reuben_cicd_governance,failed,,"a blind reader committed to 'fact' from the gist alone (The statement simply observes that the CI/CD pipeline review is a recurring topic in requirement discussions without expressing a desire for change, a refusal, or a trade-off.); rewrite it so it only names the topic, not a direction",,
gists:gen_shadow_deployment_contract_reuben_cicd_trade,failed,,generation error: Connection error.,,
gists:gen_shadow_deployment_contract_reuben_driver_orch,done,Requirements for the orchestration hand-off process are the subject of the current proposal discussion.,,,out/gists/gists__gen_shadow_deployment_contract_reuben_driver_orch.json
gists:gen_shadow_deployment_contract_reuben_gov_driver,approved,Governance controls for the shadow deployment environment are the subject of {requirements_reuben} note.,,,out/gists/gists__gen_shadow_deployment_contract_reuben_gov_driver.json
gists:gen_shadow_deployment_contract_reuben_shadow_driver,failed,,generation error: Connection error.,,
gists:gen_shadow_deployment_contract_reuben_shadow_governance,approved,The governance scope for the shadow deployment is the subject of the current requirements discussion.,,,out/gists/gists__gen_shadow_deployment_contract_reuben_shadow_governance.json
gists:gen_shadow_deployment_contract_reuben_trade_cicd,done,The sign-off step in the CI/CD pipeline is the subject of a note from {requirements_reuben}.,,,out/gists/gists__gen_shadow_deployment_contract_reuben_trade_cicd.json
gists:gen_shadow_deployment_contract_ruth_boundary_shadow,done,Shadow deployment reliability and the formal sign off required before shipping have been raised.,,,out/gists/gists__gen_shadow_deployment_contract_ruth_boundary_shadow.json
gists:gen_shadow_deployment_contract_ruth_cicd_driver,approved,The reliability of model version validation via shadow deployment keeps coming up in discussions with {reliabi,,,out/gists/gists__gen_shadow_deployment_contract_ruth_cicd_driver.json
gists:gen_shadow_deployment_contract_ruth_shadow_automation,approved,The shadow deployment of the forecast pipeline keeps coming up in reliability discussions with {reliability_ru,,,out/gists/gists__gen_shadow_deployment_contract_ruth_shadow_automation.json
gists:gen_shadow_deployment_contract_ruth_shadow_boundary,pending,Governance of the shadow deployment environment for new model versions has been raised in reliability discussi,,,out/gists/gists__gen_shadow_deployment_contract_ruth_shadow_boundary.json
gists:gen_shadow_deployment_contract_ruth_shadow_driver,pending,,,,
gists:gen_shadow_deployment_contract_ruth_shadow_governance,approved,The reliability of the shadow deployment has been raised as a concern by {reliability_ruth}.,,,out/gists/gists__gen_shadow_deployment_contract_ruth_shadow_governance.json
gists:gen_shadow_deployment_contract_ruth_trade_canary,done,Canary testing for the forecast pipeline has been raised as a topic for the current reliability review.,,,out/gists/gists__gen_shadow_deployment_contract_ruth_trade_canary.json
gists:gen_silent_forecast_failure_emilia_alert_edge,done,The hand over from performance monitoring to alerting has been raised as a potential integration cost saving.,,,out/gists/gists__gen_silent_forecast_failure_emilia_alert_edge.json
gists:gen_silent_forecast_failure_emilia_alerting_driver,approved,The manual check time spent on the alerting system keeps coming up in talks with {efficiency_emilia}.,,,out/gists/gists__gen_silent_forecast_failure_emilia_alerting_driver.json
gists:gen_silent_forecast_failure_emilia_audit_tradeoff,approved,Manual review of performance monitoring logs has been raised as a recurring operational concern.,,,out/gists/gists__gen_silent_forecast_failure_emilia_audit_tradeoff.json
gists:gen_silent_forecast_failure_emilia_drift_pause,done,The cost of running the production drift monitoring tool keeps coming up in {efficiency_emilia}'s discussions.,,,out/gists/gists__gen_silent_forecast_failure_emilia_drift_pause.json
gists:gen_silent_forecast_failure_emilia_drift_tradeoff,approved,The manual hand-over of drift monitoring keeps coming up whenever you talk to {efficiency_emilia}.,,,out/gists/gists__gen_silent_forecast_failure_emilia_drift_tradeoff.json
gists:gen_silent_forecast_failure_emilia_observability_tradeoff,approved,The serving to observability hand-over is the topic of the current efficiency proposal.,,,out/gists/gists__gen_silent_forecast_failure_emilia_observability_tradeoff.json
gists:gen_silent_forecast_failure_emilia_perf_audit,done,Manual review of monthly performance monitoring logs keeps coming up in discussions with {efficiency_emilia}.,,,out/gists/gists__gen_silent_forecast_failure_emilia_perf_audit.json
gists:gen_silent_forecast_failure_emilia_rollback_manual,done,The manual rollback procedure for the forecast job has been raised as an efficiency topic by {efficiency_emili,,,out/gists/gists__gen_silent_forecast_failure_emilia_rollback_manual.json
gists:gen_silent_forecast_failure_emilia_tradeoff_monitoring,approved,The manual handling of model performance checks has been raised during efficiency discussions.,,,out/gists/gists__gen_silent_forecast_failure_emilia_tradeoff_monitoring.json
gists:gen_silent_forecast_failure_emilia_tradeoff_retraining,approved,The manual retraining trigger for the nightly forecast job keeps coming up in efficiency discussions.,,,out/gists/gists__gen_silent_forecast_failure_emilia_tradeoff_retraining.json
gists:gen_silent_forecast_failure_monica_drift_tool,done,Drift detection for the forecast model in production is the subject of a note from {model_monica}.,,,out/gists/gists__gen_silent_forecast_failure_monica_drift_tool.json
gists:gen_silent_forecast_failure_monica_drift_tradeoff,failed,,"a blind reader thought this was about 'efficiency', not 'model'; name the topic more clearly",,
gists:gen_silent_forecast_failure_monica_driver_drift,approved,The question of how to detect model drift in production has been raised by {model_monica}.,,,out/gists/gists__gen_silent_forecast_failure_monica_driver_drift.json
gists:gen_silent_forecast_failure_monica_retrain_driver,approved,The weekly retraining schedule for the Shelfcast forecasting model has come up in discussions with {model_moni,,,out/gists/gists__gen_silent_forecast_failure_monica_retrain_driver.json
gists:gen_silent_forecast_failure_monica_retrain_edge,done,The model retraining trigger and its alerting hand-over keeps coming up in {model_monica} meetings.,,,out/gists/gists__gen_silent_forecast_failure_monica_retrain_edge.json
gists:gen_silent_forecast_failure_reuben_alert_edge,done,Governance of the hand-over from alerting to the rollback mechanism is the subject of a note from {requirement,,,out/gists/gists__gen_silent_forecast_failure_reuben_alert_edge.json
gists:gen_silent_forecast_failure_reuben_audit_tradeoff,approved,The governance review process for the performance monitoring hand-over is the topic {requirements_reuben} keep,,,out/gists/gists__gen_silent_forecast_failure_reuben_audit_tradeoff.json
gists:gen_silent_forecast_failure_reuben_boundary_observability,failed,Automated logging and observability for the forecast pipeline are the subject of {requirements_reuben}'s recen,"a blind reader committed to 'driver' from the gist alone (The gist explicitly labels automated logging and observability as a 'core requirement,' indicating a strong push for these features to be included in the platform definition.); rewrite it so it only names the topic, not a direction",,out/gists/gists__gen_silent_forecast_failure_reuben_boundary_observability.json
gists:gen_silent_forecast_failure_reuben_observability_govern,done,Governance of logging and observability is the subject of a note from {requirements_reuben}.,,,out/gists/gists__gen_silent_forecast_failure_reuben_observability_govern.json
gists:gen_silent_forecast_failure_reuben_rollback_govern,done,Governance and sign-off of the rollback mechanism is the subject of a note from {requirements_reuben}.,,,out/gists/gists__gen_silent_forecast_failure_reuben_rollback_govern.json
gists:gen_silent_forecast_failure_reuben_rollback_tradeoff,failed,,"a blind reader committed to 'fact' from the gist alone (The statement objectively reports a change in the status of the rollback mechanism's governance level as discussed in requirements, without expressing a desire for more, a refusal, or an accepted trade-off.); rewrite it so it only names the topic, not a direction",,
gists:gen_silent_forecast_failure_reuben_security_boundary,failed,,"a blind reader committed to 'fact' from the gist alone (The statement simply reports that the topic of governance and privacy is recurring in meetings, describing the current state of affairs without expressing a desire to change it, refuse it, or trade it off.); rewrite it so it only names the topic, not a direction",,
gists:gen_silent_forecast_failure_ruth_alert_govern,done,The governance structure for the alerting system keeps coming up in discussions with {reliability_ruth}.,,,out/gists/gists__gen_silent_forecast_failure_ruth_alert_govern.json
gists:gen_silent_forecast_failure_ruth_alert_pipeline_driver,approved,The monitoring to alerting pipeline and its governed hand overs keep coming up in reliability discussions.,,,out/gists/gists__gen_silent_forecast_failure_ruth_alert_pipeline_driver.json
gists:gen_silent_forecast_failure_ruth_driver_monitoring,approved,Model performance monitoring for the nightly forecast job has been raised by {reliability_ruth}.,,,out/gists/gists__gen_silent_forecast_failure_ruth_driver_monitoring.json
gists:gen_silent_forecast_failure_ruth_pipeline_driver,done,The reliability of the monitoring pipeline has been raised in discussions with {reliability_ruth}.,,,out/gists/gists__gen_silent_forecast_failure_ruth_pipeline_driver.json
gists:gen_silent_forecast_failure_ruth_rollback_boundary,approved,The governance status of the rollback mechanism before production use has been raised by {reliability_ruth}.,,,out/gists/gists__gen_silent_forecast_failure_ruth_rollback_boundary.json
gists:gen_silent_forecast_failure_ruth_tradeoff_alerting,approved,The topic of automated alerting for silent forecast failures has been raised in recent discussions.,,,out/gists/gists__gen_silent_forecast_failure_ruth_tradeoff_alerting.json
gists:gen_silent_ingestion_failure_dave_driver_validation,done,The quality of incoming till scan lines is the subject of a note from {data_dave}.,,,out/gists/gists__gen_silent_ingestion_failure_dave_driver_validation.json
gists:gen_silent_ingestion_failure_dave_ingest_tradeoff,approved,The validation step for point of sale scan line ingestion keeps coming up in the data pipeline discussions.,,,out/gists/gists__gen_silent_ingestion_failure_dave_ingest_tradeoff.json
gists:gen_silent_ingestion_failure_dave_tradeoff_ingest,approved,The nightly data ingestion pipeline and its manual verification steps have been raised by {data_dave}.,,,out/gists/gists__gen_silent_ingestion_failure_dave_tradeoff_ingest.json
gists:gen_silent_ingestion_failure_dave_tradeoff_ingestion,done,The nightly point of sale ingestion process keeps coming up in discussions with {data_dave}.,,,out/gists/gists__gen_silent_ingestion_failure_dave_tradeoff_ingestion.json
gists:gen_silent_ingestion_failure_dave_validation_driver,approved,Manual validation of raw data before it reaches the feature store has been raised by {data_dave}.,,,out/gists/gists__gen_silent_ingestion_failure_dave_validation_driver.json
gists:gen_silent_ingestion_failure_emilia_driver_efficiency,done,Efficiency of the nightly data validation process keeps coming up in conversations with {efficiency_emilia}.,,,out/gists/gists__gen_silent_ingestion_failure_emilia_driver_efficiency.json
gists:gen_silent_ingestion_failure_emilia_efficiency_driver,approved,The runtime speed of the nightly ingestion and feature store workflow has been raised as a concern.,,,out/gists/gists__gen_silent_ingestion_failure_emilia_efficiency_driver.json
gists:gen_silent_ingestion_failure_emilia_tradeoff_efficiency,done,The running cost of the ingestion pipeline is the subject of a note from {efficiency_emilia}.,,,out/gists/gists__gen_silent_ingestion_failure_emilia_tradeoff_efficiency.json
gists:gen_silent_ingestion_failure_emilia_tradeoff_feature,approved,The upkeep of the feature store keeps coming up in discussions with {efficiency_emilia}.,,,out/gists/gists__gen_silent_ingestion_failure_emilia_tradeoff_feature.json
gists:gen_silent_ingestion_failure_emilia_version_tradeoff,approved,The relationship between manual data versioning and automated feature store tooling has been raised by {effici,,,out/gists/gists__gen_silent_ingestion_failure_emilia_version_tradeoff.json
gists:gen_silent_ingestion_failure_reuben_boundary_gov_versioning,done,Versioning governance for the Shelfcast pipeline keeps coming up in discussions with {requirements_reuben}.,,,out/gists/gists__gen_silent_ingestion_failure_reuben_boundary_gov_versioning.json
gists:gen_silent_ingestion_failure_reuben_boundary_validation,failed,,"a blind reader committed to 'driver' from the gist alone (The gist states that the specification for validation has been 'raised' by a stakeholder, indicating a demand for stricter or additional requirements.); rewrite it so it only names the topic, not a direction",,
gists:gen_silent_ingestion_failure_reuben_drift_tradeoff,failed,,"a blind reader committed to 'fact' from the gist alone (The statement observes that a specific combination of practices is frequently appearing in discussions, describing the current state of the requirements process without expressing a preference, refusal, or trade-off.); rewrite it so it only names the topic, not a direction",,
gists:gen_silent_ingestion_failure_reuben_driver_gov_ingest,done,The governance of the ingestion pipeline has been raised by {requirements_reuben} in requirements discussions.,,,out/gists/gists__gen_silent_ingestion_failure_reuben_driver_gov_ingest.json
gists:gen_silent_ingestion_failure_reuben_edge_boundary,failed,,"a blind reader committed to 'fact' from the gist alone (The statement objectively notes that a specific topic (governed hand-over) is frequently discussed in requirements reviews, without expressing a desire for change, a refusal, or a trade-off.); rewrite it so it only names the topic, not a direction",,
gists:gen_silent_ingestion_failure_reuben_feature_gov_driver,approved,The feature store review process before model training is a topic that has been raised with {requirements_reub,,,out/gists/gists__gen_silent_ingestion_failure_reuben_feature_gov_driver.json
gists:gen_silent_ingestion_failure_reuben_tradeoff_gov_validation,done,Validation governance practices keep coming up whenever the team talks to {requirements_reuben}.,,,out/gists/gists__gen_silent_ingestion_failure_reuben_tradeoff_gov_validation.json
gists:gen_silent_ingestion_failure_ruth_boundary_ingest_validate,done,The hand-over from ingestion to validation has been raised by {reliability_ruth} for review.,,,out/gists/gists__gen_silent_ingestion_failure_ruth_boundary_ingest_validate.json
gists:gen_silent_ingestion_failure_ruth_driftcheck_driver,approved,The drift check after new data versions keeps coming up in conversations with {reliability_ruth}.,,,out/gists/gists__gen_silent_ingestion_failure_ruth_driftcheck_driver.json
gists:gen_silent_ingestion_failure_ruth_driver_composite,done,The data pipeline's autonomous operation has been raised in recent reliability discussions.,,,out/gists/gists__gen_silent_ingestion_failure_ruth_driver_composite.json
gists:gen_silent_ingestion_failure_ruth_driver_ingest,approved,Timely arrival of store scan lines in the nightly ingestion pipeline keeps coming up in reliability discussion,,,out/gists/gists__gen_silent_ingestion_failure_ruth_driver_ingest.json
gists:gen_silent_ingestion_failure_ruth_edge_gov_boundary,approved,The hand-over from ingestion to validation is the topic of the current reliability discussion.,,,out/gists/gists__gen_silent_ingestion_failure_ruth_edge_gov_boundary.json
gists:gen_silent_ingestion_failure_ruth_ingest_gov_driver,approved,The nightly store export pipeline running without manual intervention keeps coming up in reliability discussio,,,out/gists/gists__gen_silent_ingestion_failure_ruth_ingest_gov_driver.json
gists:gen_silent_ingestion_failure_ruth_ingest_tradeoff,approved,The ingestion pipeline and its validation step have been raised in reliability discussions.,,,out/gists/gists__gen_silent_ingestion_failure_ruth_ingest_tradeoff.json
gists:gen_silent_ingestion_failure_ruth_tradeoff_driftcheck,done,The manual drift check for the nightly forecast job has been raised as a topic.,,,out/gists/gists__gen_silent_ingestion_failure_ruth_tradeoff_driftcheck.json
gists:gen_silent_ingestion_failure_ruth_tradeoff_version_fs,done,The hand-over from versioning to the feature store keeps coming up in conversations with {reliability_ruth}.,,,out/gists/gists__gen_silent_ingestion_failure_ruth_tradeoff_version_fs.json
gists:gen_silent_ingestion_failure_ruth_tradeoff_versioning,approved,The reliability of the data versioning process in the pipeline keeps coming up in team discussions.,,,out/gists/gists__gen_silent_ingestion_failure_ruth_tradeoff_versioning.json
